data,forn,area,eta,m,f,d,N1,N2,ISTAT,reg
2024-09-18,Pfizer/BioNTech,CAM,60-69,0,2,2,ITF,ITF3,15,Campania
2024-09-18,Pfizer/BioNTech,CAM,70-79,0,1,1,ITF,ITF3,15,Campania
2024-09-18,Pfizer/BioNTech,CAM,80-89,1,0,1,ITF,ITF3,15,Campania
2024-09-19,Pfizer/BioNTech,EMR,80-89,1,0,1,ITH,ITH5,8,Emilia-Romagna
2024-09-19,Pfizer/BioNTech,LOM,40-49,0,1,1,ITC,ITC4,3,Lombardia
2024-09-19,Pfizer/BioNTech,LOM,60-69,0,1,1,ITC,ITC4,3,Lombardia
2024-09-19,Pfizer/BioNTech,PUG,50-59,1,1,2,ITF,ITF4,16,Puglia
2024-09-19,Pfizer/BioNTech,PUG,60-69,1,0,1,ITF,ITF4,16,Puglia
2024-09-19,Pfizer/BioNTech,PUG,70-79,0,2,2,ITF,ITF4,16,Puglia
2024-09-19,Pfizer/BioNTech,PUG,80-89,1,1,2,ITF,ITF4,16,Puglia
2024-09-19,Pfizer/BioNTech,PUG,90+,1,0,1,ITF,ITF4,16,Puglia
2024-09-19,Pfizer/BioNTech,TOS,50-59,0,1,1,ITI,ITI1,9,Toscana
2024-09-19,Pfizer/BioNTech,TOS,60-69,1,1,2,ITI,ITI1,9,Toscana
2024-09-19,Pfizer/BioNTech,TOS,70-79,2,2,4,ITI,ITI1,9,Toscana
2024-09-20,Pfizer/BioNTech,FVG,20-29,0,3,3,ITH,ITH4,6,Friuli-Venezia Giulia
2024-09-20,Pfizer/BioNTech,FVG,30-39,1,0,1,ITH,ITH4,6,Friuli-Venezia Giulia
2024-09-20,Pfizer/BioNTech,FVG,50-59,2,2,4,ITH,ITH4,6,Friuli-Venezia Giulia
2024-09-20,Pfizer/BioNTech,FVG,60-69,3,1,4,ITH,ITH4,6,Friuli-Venezia Giulia
2024-09-20,Pfizer/BioNTech,FVG,70-79,4,3,7,ITH,ITH4,6,Friuli-Venezia Giulia
2024-09-20,Pfizer/BioNTech,FVG,80-89,2,2,4,ITH,ITH4,6,Friuli-Venezia Giulia
2024-09-20,Pfizer/BioNTech,LOM,20-29,0,1,1,ITC,ITC4,3,Lombardia
2024-09-20,Pfizer/BioNTech,LOM,30-39,1,1,2,ITC,ITC4,3,Lombardia
2024-09-20,Pfizer/BioNTech,LOM,40-49,2,1,3,ITC,ITC4,3,Lombardia
2024-09-20,Pfizer/BioNTech,LOM,50-59,1,2,3,ITC,ITC4,3,Lombardia
2024-09-20,Pfizer/BioNTech,LOM,60-69,6,6,12,ITC,ITC4,3,Lombardia
2024-09-20,Pfizer/BioNTech,LOM,70-79,6,3,9,ITC,ITC4,3,Lombardia
2024-09-20,Pfizer/BioNTech,PUG,30-39,1,0,1,ITF,ITF4,16,Puglia
2024-09-20,Pfizer/BioNTech,PUG,40-49,1,0,1,ITF,ITF4,16,Puglia
2024-09-20,Pfizer/BioNTech,PUG,50-59,0,2,2,ITF,ITF4,16,Puglia
2024-09-20,Pfizer/BioNTech,PUG,60-69,0,1,1,ITF,ITF4,16,Puglia
2024-09-20,Pfizer/BioNTech,PUG,70-79,1,0,1,ITF,ITF4,16,Puglia
2024-09-20,Pfizer/BioNTech,TOS,20-29,1,0,1,ITI,ITI1,9,Toscana
2024-09-20,Pfizer/BioNTech,TOS,60-69,2,1,3,ITI,ITI1,9,Toscana
2024-09-21,Pfizer/BioNTech,LAZ,60-69,0,1,1,ITI,ITI4,12,Lazio
2024-09-21,Pfizer/BioNTech,LOM,12-19,1,0,1,ITC,ITC4,3,Lombardia
2024-09-21,Pfizer/BioNTech,LOM,20-29,0,1,1,ITC,ITC4,3,Lombardia
2024-09-21,Pfizer/BioNTech,LOM,30-39,4,2,6,ITC,ITC4,3,Lombardia
2024-09-21,Pfizer/BioNTech,LOM,50-59,6,4,10,ITC,ITC4,3,Lombardia
2024-09-21,Pfizer/BioNTech,LOM,60-69,4,4,8,ITC,ITC4,3,Lombardia
2024-09-21,Pfizer/BioNTech,LOM,70-79,0,6,6,ITC,ITC4,3,Lombardia
2024-09-21,Pfizer/BioNTech,LOM,90+,0,1,1,ITC,ITC4,3,Lombardia
2024-09-21,Pfizer/BioNTech,TOS,30-39,0,1,1,ITI,ITI1,9,Toscana
2024-09-21,Pfizer/BioNTech,TOS,50-59,2,1,3,ITI,ITI1,9,Toscana
2024-09-21,Pfizer/BioNTech,TOS,60-69,0,1,1,ITI,ITI1,9,Toscana
2024-09-21,Pfizer/BioNTech,TOS,70-79,1,1,2,ITI,ITI1,9,Toscana
2024-09-21,Pfizer/BioNTech,TOS,90+,0,1,1,ITI,ITI1,9,Toscana
2024-09-23,Pfizer/BioNTech,ABR,80-89,1,0,1,ITF,ITF1,13,Abruzzo
2024-09-23,Pfizer/BioNTech,LIG,50-59,1,0,1,ITC,ITC3,7,Liguria
2024-09-23,Pfizer/BioNTech,LIG,60-69,1,1,2,ITC,ITC3,7,Liguria
2024-09-23,Pfizer/BioNTech,LIG,70-79,3,1,4,ITC,ITC3,7,Liguria
2024-09-23,Pfizer/BioNTech,LOM,30-39,0,1,1,ITC,ITC4,3,Lombardia
2024-09-23,Pfizer/BioNTech,LOM,40-49,2,0,2,ITC,ITC4,3,Lombardia
2024-09-23,Pfizer/BioNTech,LOM,50-59,0,3,3,ITC,ITC4,3,Lombardia
2024-09-23,Pfizer/BioNTech,LOM,60-69,3,1,4,ITC,ITC4,3,Lombardia
2024-09-23,Pfizer/BioNTech,LOM,70-79,2,2,4,ITC,ITC4,3,Lombardia
2024-09-23,Pfizer/BioNTech,LOM,80-89,1,1,2,ITC,ITC4,3,Lombardia
2024-09-23,Pfizer/BioNTech,LOM,90+,0,1,1,ITC,ITC4,3,Lombardia
2024-09-23,Pfizer/BioNTech,PUG,12-19,0,1,1,ITF,ITF4,16,Puglia
2024-09-23,Pfizer/BioNTech,PUG,40-49,1,2,3,ITF,ITF4,16,Puglia
2024-09-23,Pfizer/BioNTech,PUG,60-69,0,1,1,ITF,ITF4,16,Puglia
2024-09-24,Pfizer/BioNTech,EMR,50-59,0,1,1,ITH,ITH5,8,Emilia-Romagna
2024-09-24,Pfizer/BioNTech,EMR,80-89,1,0,1,ITH,ITH5,8,Emilia-Romagna
2024-09-24,Pfizer/BioNTech,EMR,90+,1,1,2,ITH,ITH5,8,Emilia-Romagna
2024-09-24,Pfizer/BioNTech,LIG,30-39,1,0,1,ITC,ITC3,7,Liguria
2024-09-24,Pfizer/BioNTech,LIG,40-49,0,1,1,ITC,ITC3,7,Liguria
2024-09-24,Pfizer/BioNTech,LIG,50-59,2,2,4,ITC,ITC3,7,Liguria
2024-09-24,Pfizer/BioNTech,LIG,60-69,1,0,1,ITC,ITC3,7,Liguria
2024-09-24,Pfizer/BioNTech,LIG,70-79,0,1,1,ITC,ITC3,7,Liguria
2024-09-24,Pfizer/BioNTech,LOM,20-29,0,1,1,ITC,ITC4,3,Lombardia
2024-09-24,Pfizer/BioNTech,LOM,30-39,3,0,3,ITC,ITC4,3,Lombardia
2024-09-24,Pfizer/BioNTech,LOM,40-49,3,0,3,ITC,ITC4,3,Lombardia
2024-09-24,Pfizer/BioNTech,LOM,50-59,6,11,17,ITC,ITC4,3,Lombardia
2024-09-24,Pfizer/BioNTech,LOM,60-69,10,7,17,ITC,ITC4,3,Lombardia
2024-09-24,Pfizer/BioNTech,LOM,70-79,3,6,9,ITC,ITC4,3,Lombardia
2024-09-24,Pfizer/BioNTech,LOM,80-89,6,2,8,ITC,ITC4,3,Lombardia
2024-09-24,Pfizer/BioNTech,LOM,90+,2,2,4,ITC,ITC4,3,Lombardia
2024-09-25,Pfizer/BioNTech,LAZ,40-49,0,1,1,ITI,ITI4,12,Lazio
2024-09-25,Pfizer/BioNTech,LAZ,50-59,2,0,2,ITI,ITI4,12,Lazio
2024-09-25,Pfizer/BioNTech,LAZ,60-69,1,3,4,ITI,ITI4,12,Lazio
2024-09-25,Pfizer/BioNTech,LAZ,70-79,2,4,6,ITI,ITI4,12,Lazio
2024-09-25,Pfizer/BioNTech,LAZ,80-89,3,0,3,ITI,ITI4,12,Lazio
2024-09-25,Pfizer/BioNTech,LIG,12-19,1,0,1,ITC,ITC3,7,Liguria
2024-09-25,Pfizer/BioNTech,LIG,20-29,0,1,1,ITC,ITC3,7,Liguria
2024-09-25,Pfizer/BioNTech,LIG,30-39,0,1,1,ITC,ITC3,7,Liguria
2024-09-25,Pfizer/BioNTech,LIG,40-49,1,1,2,ITC,ITC3,7,Liguria
2024-09-25,Pfizer/BioNTech,LIG,50-59,3,3,6,ITC,ITC3,7,Liguria
2024-09-25,Pfizer/BioNTech,LIG,60-69,4,1,5,ITC,ITC3,7,Liguria
2024-09-25,Pfizer/BioNTech,LIG,70-79,6,3,9,ITC,ITC3,7,Liguria
2024-09-25,Pfizer/BioNTech,LIG,80-89,2,0,2,ITC,ITC3,7,Liguria
2024-09-25,Pfizer/BioNTech,LOM,20-29,0,2,2,ITC,ITC4,3,Lombardia
2024-09-25,Pfizer/BioNTech,LOM,30-39,1,2,3,ITC,ITC4,3,Lombardia
2024-09-25,Pfizer/BioNTech,LOM,40-49,3,5,8,ITC,ITC4,3,Lombardia
2024-09-25,Pfizer/BioNTech,LOM,50-59,5,6,11,ITC,ITC4,3,Lombardia
2024-09-25,Pfizer/BioNTech,LOM,60-69,10,8,18,ITC,ITC4,3,Lombardia
2024-09-25,Pfizer/BioNTech,LOM,70-79,10,8,18,ITC,ITC4,3,Lombardia
2024-09-25,Pfizer/BioNTech,LOM,80-89,4,4,8,ITC,ITC4,3,Lombardia
2024-09-25,Pfizer/BioNTech,LOM,90+,0,2,2,ITC,ITC4,3,Lombardia
2024-09-25,Pfizer/BioNTech,TOS,50-59,1,0,1,ITI,ITI1,9,Toscana
2024-09-25,Pfizer/BioNTech,TOS,60-69,2,0,2,ITI,ITI1,9,Toscana
2024-09-25,Pfizer/BioNTech,TOS,70-79,0,1,1,ITI,ITI1,9,Toscana
2024-09-26,Pfizer/BioNTech,CAM,70-79,1,0,1,ITF,ITF3,15,Campania
2024-09-26,Pfizer/BioNTech,EMR,50-59,1,4,5,ITH,ITH5,8,Emilia-Romagna
2024-09-26,Pfizer/BioNTech,EMR,60-69,2,1,3,ITH,ITH5,8,Emilia-Romagna
2024-09-26,Pfizer/BioNTech,EMR,70-79,2,0,2,ITH,ITH5,8,Emilia-Romagna
2024-09-26,Pfizer/BioNTech,EMR,80-89,1,1,2,ITH,ITH5,8,Emilia-Romagna
2024-09-26,Pfizer/BioNTech,LAZ,60-69,3,0,3,ITI,ITI4,12,Lazio
2024-09-26,Pfizer/BioNTech,LAZ,70-79,0,1,1,ITI,ITI4,12,Lazio
2024-09-26,Pfizer/BioNTech,LAZ,80-89,3,2,5,ITI,ITI4,12,Lazio
2024-09-26,Pfizer/BioNTech,LIG,50-59,0,2,2,ITC,ITC3,7,Liguria
2024-09-26,Pfizer/BioNTech,LIG,60-69,1,2,3,ITC,ITC3,7,Liguria
2024-09-26,Pfizer/BioNTech,LIG,70-79,1,0,1,ITC,ITC3,7,Liguria
2024-09-26,Pfizer/BioNTech,LIG,90+,0,1,1,ITC,ITC3,7,Liguria
2024-09-26,Pfizer/BioNTech,LOM,20-29,1,2,3,ITC,ITC4,3,Lombardia
2024-09-26,Pfizer/BioNTech,LOM,30-39,6,3,9,ITC,ITC4,3,Lombardia
2024-09-26,Pfizer/BioNTech,LOM,40-49,7,4,11,ITC,ITC4,3,Lombardia
2024-09-26,Pfizer/BioNTech,LOM,50-59,5,5,10,ITC,ITC4,3,Lombardia
2024-09-26,Pfizer/BioNTech,LOM,60-69,12,10,22,ITC,ITC4,3,Lombardia
2024-09-26,Pfizer/BioNTech,LOM,70-79,11,9,20,ITC,ITC4,3,Lombardia
2024-09-26,Pfizer/BioNTech,LOM,80-89,9,2,11,ITC,ITC4,3,Lombardia
2024-09-26,Pfizer/BioNTech,LOM,90+,0,2,2,ITC,ITC4,3,Lombardia
2024-09-26,Pfizer/BioNTech,PUG,30-39,0,1,1,ITF,ITF4,16,Puglia
2024-09-26,Pfizer/BioNTech,PUG,40-49,1,0,1,ITF,ITF4,16,Puglia
2024-09-26,Pfizer/BioNTech,PUG,50-59,0,1,1,ITF,ITF4,16,Puglia
2024-09-26,Pfizer/BioNTech,PUG,80-89,1,0,1,ITF,ITF4,16,Puglia
2024-09-26,Pfizer/BioNTech,SAR,40-49,0,1,1,ITG,ITG2,20,Sardegna
2024-09-26,Pfizer/BioNTech,SAR,50-59,1,0,1,ITG,ITG2,20,Sardegna
2024-09-26,Pfizer/BioNTech,SAR,60-69,1,0,1,ITG,ITG2,20,Sardegna
2024-09-27,Pfizer/BioNTech,CAM,40-49,0,1,1,ITF,ITF3,15,Campania
2024-09-27,Pfizer/BioNTech,CAM,60-69,1,0,1,ITF,ITF3,15,Campania
2024-09-27,Pfizer/BioNTech,CAM,70-79,1,1,2,ITF,ITF3,15,Campania
2024-09-27,Pfizer/BioNTech,CAM,80-89,0,1,1,ITF,ITF3,15,Campania
2024-09-27,Pfizer/BioNTech,CAM,90+,1,0,1,ITF,ITF3,15,Campania
2024-09-27,Pfizer/BioNTech,EMR,12-19,2,0,2,ITH,ITH5,8,Emilia-Romagna
2024-09-27,Pfizer/BioNTech,EMR,20-29,1,3,4,ITH,ITH5,8,Emilia-Romagna
2024-09-27,Pfizer/BioNTech,EMR,30-39,1,3,4,ITH,ITH5,8,Emilia-Romagna
2024-09-27,Pfizer/BioNTech,EMR,40-49,2,3,5,ITH,ITH5,8,Emilia-Romagna
2024-09-27,Pfizer/BioNTech,EMR,50-59,4,2,6,ITH,ITH5,8,Emilia-Romagna
2024-09-27,Pfizer/BioNTech,EMR,60-69,5,5,10,ITH,ITH5,8,Emilia-Romagna
2024-09-27,Pfizer/BioNTech,EMR,70-79,8,8,16,ITH,ITH5,8,Emilia-Romagna
2024-09-27,Pfizer/BioNTech,EMR,80-89,3,7,10,ITH,ITH5,8,Emilia-Romagna
2024-09-27,Pfizer/BioNTech,EMR,90+,2,1,3,ITH,ITH5,8,Emilia-Romagna
2024-09-27,Pfizer/BioNTech,FVG,20-29,0,1,1,ITH,ITH4,6,Friuli-Venezia Giulia
2024-09-27,Pfizer/BioNTech,FVG,30-39,0,1,1,ITH,ITH4,6,Friuli-Venezia Giulia
2024-09-27,Pfizer/BioNTech,FVG,40-49,1,1,2,ITH,ITH4,6,Friuli-Venezia Giulia
2024-09-27,Pfizer/BioNTech,FVG,50-59,2,0,2,ITH,ITH4,6,Friuli-Venezia Giulia
2024-09-27,Pfizer/BioNTech,FVG,60-69,3,3,6,ITH,ITH4,6,Friuli-Venezia Giulia
2024-09-27,Pfizer/BioNTech,FVG,70-79,4,4,8,ITH,ITH4,6,Friuli-Venezia Giulia
2024-09-27,Pfizer/BioNTech,FVG,80-89,1,2,3,ITH,ITH4,6,Friuli-Venezia Giulia
2024-09-27,Pfizer/BioNTech,LAZ,20-29,0,1,1,ITI,ITI4,12,Lazio
2024-09-27,Pfizer/BioNTech,LAZ,50-59,0,1,1,ITI,ITI4,12,Lazio
2024-09-27,Pfizer/BioNTech,LAZ,60-69,2,1,3,ITI,ITI4,12,Lazio
2024-09-27,Pfizer/BioNTech,LAZ,70-79,2,3,5,ITI,ITI4,12,Lazio
2024-09-27,Pfizer/BioNTech,LIG,30-39,1,0,1,ITC,ITC3,7,Liguria
2024-09-27,Pfizer/BioNTech,LIG,40-49,3,0,3,ITC,ITC3,7,Liguria
2024-09-27,Pfizer/BioNTech,LIG,50-59,0,1,1,ITC,ITC3,7,Liguria
2024-09-27,Pfizer/BioNTech,LIG,60-69,3,2,5,ITC,ITC3,7,Liguria
2024-09-27,Pfizer/BioNTech,LIG,70-79,5,2,7,ITC,ITC3,7,Liguria
2024-09-27,Pfizer/BioNTech,LIG,80-89,2,0,2,ITC,ITC3,7,Liguria
2024-09-27,Pfizer/BioNTech,LOM,30-39,3,5,8,ITC,ITC4,3,Lombardia
2024-09-27,Pfizer/BioNTech,LOM,40-49,8,8,16,ITC,ITC4,3,Lombardia
2024-09-27,Pfizer/BioNTech,LOM,50-59,10,13,23,ITC,ITC4,3,Lombardia
2024-09-27,Pfizer/BioNTech,LOM,60-69,12,7,19,ITC,ITC4,3,Lombardia
2024-09-27,Pfizer/BioNTech,LOM,70-79,9,9,18,ITC,ITC4,3,Lombardia
2024-09-27,Pfizer/BioNTech,LOM,80-89,10,4,14,ITC,ITC4,3,Lombardia
2024-09-27,Pfizer/BioNTech,LOM,90+,0,2,2,ITC,ITC4,3,Lombardia
2024-09-27,Pfizer/BioNTech,PAT,20-29,2,1,3,ITH,ITH2,4,Provincia Autonoma Trento
2024-09-27,Pfizer/BioNTech,PAT,30-39,0,1,1,ITH,ITH2,4,Provincia Autonoma Trento
2024-09-27,Pfizer/BioNTech,PAT,40-49,2,0,2,ITH,ITH2,4,Provincia Autonoma Trento
2024-09-27,Pfizer/BioNTech,PAT,50-59,0,2,2,ITH,ITH2,4,Provincia Autonoma Trento
2024-09-27,Pfizer/BioNTech,PAT,60-69,2,3,5,ITH,ITH2,4,Provincia Autonoma Trento
2024-09-27,Pfizer/BioNTech,PAT,70-79,1,1,2,ITH,ITH2,4,Provincia Autonoma Trento
2024-09-27,Pfizer/BioNTech,PAT,80-89,1,1,2,ITH,ITH2,4,Provincia Autonoma Trento
2024-09-27,Pfizer/BioNTech,PIE,40-49,1,1,2,ITC,ITC1,1,Piemonte
2024-09-27,Pfizer/BioNTech,PIE,50-59,2,0,2,ITC,ITC1,1,Piemonte
2024-09-27,Pfizer/BioNTech,PIE,70-79,1,2,3,ITC,ITC1,1,Piemonte
2024-09-27,Pfizer/BioNTech,PIE,80-89,0,1,1,ITC,ITC1,1,Piemonte
2024-09-27,Pfizer/BioNTech,PIE,90+,2,0,2,ITC,ITC1,1,Piemonte
2024-09-27,Pfizer/BioNTech,SAR,50-59,0,1,1,ITG,ITG2,20,Sardegna
2024-09-27,Pfizer/BioNTech,SAR,60-69,3,0,3,ITG,ITG2,20,Sardegna
2024-09-27,Pfizer/BioNTech,SAR,70-79,1,0,1,ITG,ITG2,20,Sardegna
2024-09-27,Pfizer/BioNTech,TOS,90+,0,1,1,ITI,ITI1,9,Toscana
2024-09-27,Pfizer/BioNTech,VEN,50-59,3,1,4,ITH,ITH3,5,Veneto
2024-09-27,Pfizer/BioNTech,VEN,60-69,1,1,2,ITH,ITH3,5,Veneto
2024-09-27,Pfizer/BioNTech,VEN,70-79,2,3,5,ITH,ITH3,5,Veneto
2024-09-27,Pfizer/BioNTech,VEN,80-89,7,3,10,ITH,ITH3,5,Veneto
2024-09-28,Pfizer/BioNTech,LIG,80-89,0,1,1,ITC,ITC3,7,Liguria
2024-09-28,Pfizer/BioNTech,LOM,12-19,1,1,2,ITC,ITC4,3,Lombardia
2024-09-28,Pfizer/BioNTech,LOM,20-29,1,0,1,ITC,ITC4,3,Lombardia
2024-09-28,Pfizer/BioNTech,LOM,30-39,4,3,7,ITC,ITC4,3,Lombardia
2024-09-28,Pfizer/BioNTech,LOM,40-49,4,5,9,ITC,ITC4,3,Lombardia
2024-09-28,Pfizer/BioNTech,LOM,50-59,9,5,14,ITC,ITC4,3,Lombardia
2024-09-28,Pfizer/BioNTech,LOM,60-69,7,8,15,ITC,ITC4,3,Lombardia
2024-09-28,Pfizer/BioNTech,LOM,70-79,10,5,15,ITC,ITC4,3,Lombardia
2024-09-28,Pfizer/BioNTech,LOM,80-89,7,13,20,ITC,ITC4,3,Lombardia
2024-09-28,Pfizer/BioNTech,LOM,90+,1,1,2,ITC,ITC4,3,Lombardia
2024-09-28,Pfizer/BioNTech,TOS,20-29,0,1,1,ITI,ITI1,9,Toscana
2024-09-28,Pfizer/BioNTech,TOS,30-39,1,0,1,ITI,ITI1,9,Toscana
2024-09-28,Pfizer/BioNTech,TOS,60-69,1,0,1,ITI,ITI1,9,Toscana
2024-09-29,Pfizer/BioNTech,EMR,80-89,1,1,2,ITH,ITH5,8,Emilia-Romagna
2024-09-29,Pfizer/BioNTech,LOM,20-29,1,0,1,ITC,ITC4,3,Lombardia
